good_vibes2k16,2c11e47a-573d-4f19-9104-7c4c34cd6f28
jazmanthing,18d39cb5-3b45-4476-8d4e-209930a6886a
hotlykestove,ea0fc50c-6c00-4780-8310-8cf9802fc7e2
boywhoshattime,45f3e7e5-ede1-4ee1-96cd-48fac3cfbddc
thickfila,4a0b50a7-3b43-4b0e-a873-73ee0faa6883
nebraskafan27,b2ac96c8-13fe-4d80-ad8b-225d8b5cf524
chigbungus,00b4067c-bb79-4d5d-8adf-774f3d23e5fb
manic_soul,f73326f1-44d9-4888-a154-345653dd89de
memecrafts,6b418d69-0132-4b09-9815-5b406b79d5fa
actionjackson16,472e63fa-e1f1-489b-ba53-1ade9ead51c5
eltilto,0889eaf8-fe54-47b3-b15c-203c5e8614aa
